id,question
304QEQWK0TZEMH3M587E12ZXKR7O0P,Are you looking for a bike that is great for climbing hills
30F94FBDOVZVJWB4Z5Q2FT13A3LTB2,Are you looking for a snow shovel that is great for scraping up the tracks left by our vehicles
30OITAWPCUIMQU5C1RVHA43PB9OH97,Are you looking for a espresso machine that is great for frothing
30QQTY5GNOZNHXN3MT4WFN19AR27UM,Are you looking for a bird feeder that is great for feeding
30UZJB2PPLROVZW1JGTYUUXD68N35V,Are you looking for a bike that is great for tuning it up
30UZJB2PPLROVZW1JGTYUUXD68N53X,Are you looking for a bird feeder that is great for clinging birds only (one of the only feeders  i found with larger capacity) since it has no posts for perching -- which house finches do like
30Y6N4AHZTBBIEWW9CCDA4OLP30RDU,Are you looking for a blender that is great for making my daily smoothies
311HQEI8SWV43WHDSG34WFGOC9H7ZB,Are you looking for a espresso machine that is great for making single delicious cup of coffee
3126F2F5GCIVY7UHSFJ8BR6ROXEPEU,Are you looking for a snow shovel that is great for getting into tight places
31HLTCK4CPA6N5N4KMIVHMGLN1TVG1,Are you looking for a ski jacket that is great for packing in my luggage and take up minimal space in the messenger bag i carry with me during the work day
31ODACBEOYUH820ETNI20D0GTCRSQQ,Are you looking for a birdhouse that is great for nesting birds
31YWE12TF4RFY1HYRYFJZU0D49J7XE,Are you looking for a espresso machine that is great for steaming or just getting a hot water for an americana
322ZSN9Z6KZBYXQVKQGF7FVX0B54T8,Are you looking for a espresso machine that is great for frothing milk
324N5FAHT1QBPRJNAD3AFE8EUIAVK4,Are you looking for a bird feeder that is great for watching the birds eating while they are unaware we are watching
329E6HTMT0HRDIH4Q3X4WJGV2Q13KI,Are you looking for a tent that is great for something a little more light weight
32CXT5U15KIRHBSMWYW2TNX4LB7U8V,Are you looking for a tent that is great for backpacking
32K26U12ER33BLDDIWHNB1DO91WVDT,Are you looking for a birdhouse that is great for cleaning is easy
32LAQ1JNUD4AFVKAZW7XKJTRZOSTUJ,Are you looking for a tent that is great for crying out loud
32PT7WK7EQUJZCBUYMBHS6L5JPL3D3,Are you looking for a ski jacket that is great for layering
334ZEL5JYAUENQNYEAQYB85GEB9SOI,Are you looking for a birdhouse that is great for housing at least a couple birds
335VBRURENFA6KEABQNBP16CJTW9EJ,Are you looking for a walk-behind lawnmower that is great for cutting weeds and small bushes
33EEIIWHLBMX0UHININ7B0KNTO2VQW,Are you looking for a bike that is great for riding to work or through the city to various destinations such as restaurants
33J5JKFMLADDOLFZ38H1S5S424A3Q8,Are you looking for a tent that is great for backpacking
33KGGVH25YW1NF2W2IYAYK901NJ1XB,Are you looking for a bike that is great for riding around our village
33N1S8XHIQ0QSA2B30MVV5PB9NGZ15,Are you looking for a tent that is great for hiking - the blow up mattress
33NKDW9FG1XLAICUIFNUFGSR5K9XCW,Are you looking for a backpacking pack that is great for fitting it to your body
33P2GD6NSR767QO35OM60DH5M30HK1,Are you looking for a bird feeder that is great for filling and good lines for cleaning
33W1NHWFZL0R1UEK5J651B86167ZTE,Are you looking for a blender that is great for cleaning without running the risk of getting cut
341H3G5YG4TQLLHT7HIVH0614VAZ02,Are you looking for a bird feeder that is great for perching is a good design as it is more accommodative for wider variety of birds
34F34TZU80E7HGF34IJNCUBQIVI2J5,Are you looking for a vacuum that is great for picking up heavy messes and works on deep carpet as well
34HEO7RUHA9DK7TKP2LBK3GF403RAS,Are you looking for a tent that is great for storing a small bag and your boots
34O39PNDLANI3HYCVGL7FE0LMIORBN,Are you looking for a blender that is great for making the daily smoothie
34R3P23QIWGX2QIKU259OOB09A9HWX,Are you looking for a grill that is great for cooking indirect and smoking
3538U0YQ2J9GXWPQPS67G6OQUUK3FG,Are you looking for a espresso machine that is great for drinking comfort (how hot you like it) it is what the espresso needs to properly extract and not be bitter
35F6NGNVNCY8HK8EMOEMARF7RDV7TV,Are you looking for a espresso machine that is great for steaming your own milk or dispensing hot water for americanos
35JDMRECD8OPLU1IPWTLHISZN6REGF,Are you looking for a walk-behind lawnmower that is great for anything but the smallest lawn and not easy to use on that
35NNO802BZB7BRKQ8JW7SHZOGBJNI4,Are you looking for a ski jacket that is great for skiing
35O6H0UNMWVZGDYQM1LLA1E2258J5M,Are you looking for a ski jacket that is great for providing this wonderful jacket
35XW21VSWKT6H5K11IA6JR1MJ64LSU,Are you looking for a ski jacket that is great for wearing in normal outdoor activity but i won't be wearing mine during strenuous activity
35YHTYFL2KI095R992CDZ1G9LECVF4,Are you looking for a blender that is great for cleaning the blender off and serves as a nice pancake pour container
35YHTYFL2KI095R992CDZ1G9MMTVF2,Are you looking for a ski jacket that is great for keeping you warm and dry for outdoor activities in the snow
35ZRNT9RVMDA392JOVPX30X4MVB3O2,Are you looking for a vacuum that is great for cleaning furniture and area rugs if you have pets
35ZRNT9RVMDA392JOVPX30X4N3RO3K,Are you looking for a bird feeder that is great for feeding small birds while deterring the larger ones like doves and pigeons
360ZO6N6K5Y8I86NSOBU29BLSVN9M8,Are you looking for a backpacking pack that is great for hiking
363A7XIFW815DEA1YMQLL05IP6GVAP,Are you looking for a snow shovel that is great for doing the job
36818Z1KW7SL158IECKF25DZXE73A3,Are you looking for a birdhouse that is great for spring time nesting
368IUKXGB9NRLS12MX0AZ3EE7ZQ6PQ,"Are you looking for a blender that is great for making the smoothie ""very creamy"" as she describes her smoothie"
36AZSFEY08FAWOFT40QHGBPO7O2BV1,Are you looking for a blender that is great for making pastes and fine powders
36JW4WBR1AZVR4WP4DV9K0P0E7JHFZ,Are you looking for a grill that is great for slow-roasting a turkey or marinated pork shoulder
36MUZ9VAFAHM9ARRN6SDBXP2AEBED5,Are you looking for a backpacking pack that is great for carrying all of my college text books and holding clothes
36QZ6V159DS90V7VAW27AEX5X5EUSV,Are you looking for a backpacking pack that is great for hiking
371Q3BEXELOQMU15GJ1FR6CKZNTZSP,Are you looking for a backpacking pack that is great for stowing smaller items or items you need quick access to
378G7J1SKPDLIGRI41X33LENHUGWEV,Are you looking for a tent that is great for making such a great little tent
379OL9DBTWT8CPV1BRZ5W4YS150Y9M,Are you looking for a ski jacket that is great for listening music
379OL9DBTWT8CPV1BRZ5W4YS1519YY,Are you looking for a backpacking pack that is great for everything i would need for a three day isolation and more
37J05LC5B1YUKQDJ17348D2UFM6JDU,Are you looking for a bike that is great for taking joyrides around the neighborhood
37NXA7GVTXLM9X15VDFBUELTJIFVL7,Are you looking for a espresso machine that is great for splitting a double shot into two small mugs and steaming a large quantity of milk to make 2 coffees at once since theres no dual boiler)
37S0QRNUGFVTJEL9TVVXXVFFOKG88U,Are you looking for a snow shovel that is great for adding to the trunk
37SDSEDIODHB8E1OUAMIILS7AEA81A,Are you looking for a grill that is great for boiling a huge pot of fresh caught crab or corn on the cob in no time at all
385MDVINGGUTTWDAI28U01RFM2CWJG,Are you looking for a tent that is great for relaxing in the shade for my morning coffee
385MDVINGGUTTWDAI28U01RFM2DJW4,Are you looking for a vacuum that is great for sucking up dog hair & dust on our carpeted stairs
386659BNUPWTQPWLZ693P6MPRGY10G,Are you looking for a bike that is great for gaining a little speed or making it up a challenging hill
386T3MLZMRAB1PG6YRII4G9X5M408Z,Are you looking for a backpacking pack that is great for selecting a medium
389A2A305SXDDS6JF3YN625GVDP0C5,Are you looking for a vacuum that is great for vacuuming dust and cobwebs off of walls using the main vacuuming head
38B7Q9C29KK6T5LV584DDDEZ2V896Y,Are you looking for a blender that is great for saving the receipt and all the packaging
38EHZ67RJQ7NXITV6UH4UQX8W8HMGB,Are you looking for a bike that is great for commuting to work because my old 80's centurion sport dlx was recently stolen
38F60IALBKWUZ98U1PTDVC5KJZP0TO,Are you looking for a ski jacket that is great for keeping water out on the exterior and staying warm on the interior
38VTL6WC5ESPB2TP81MOKOTQE10Y5X,Are you looking for a vacuum that is great for cleaning counters
38VTL6WC5ESPB2TP81MOKOTQE115Y5,Are you looking for a tent that is great for hooking the tent to the poles seem really secure and i like the way they twist on/off
3909MD9T33WJ7U5NECN3ZXSNMRREFG,Are you looking for a walk-behind lawnmower that is great for trimming any where from 1/2 inch to 6 inches off of your grass
39TX062QY53XXIGBPMCTMDOXZ7WX3Y,Are you looking for a vacuum that is great for something to keep my floors clean - not 'eat off of' clean
3A3KKYU7Q7WJU4JVLZLMGTJWQW8MWB,Are you looking for a grill that is great for grilling right on the fire ring
3ABAOCJ4SCJEA7N99QMGO41A2VRMQ7,Are you looking for a bird feeder that is great for feeding birds but for the price it will be fine
3B9J25CZ39SDE1QVO5H7G8BZQ58CS4,Are you looking for a snow shovel that is great for moving light snow accumulations on driveways and walks
3BA7SXOG2N5Z1J05S41XOCAKEC3R8O,Are you looking for a bike that is great for everything they did to make that purchase easier for me i feel obligated to at least give two stars
3BFNCI9LZO53I3AK798VSEB9XEI73E,Are you looking for a walk-behind lawnmower that is great for powering through wet or long grass
3BVS8WK9R4A5AIVT5TRY1MZUZM6BI4,Are you looking for a walk-behind lawnmower that is great for getting the job done and the lawn looks great
3CESM1J3FMIH51Y3YJE5RXMA0WSW6A,Are you looking for a walk-behind lawnmower that is great for something that is made mostly out of plastic
3CKVGCS3QKKTK9VFCPONL79YG8U0S1,Are you looking for a ski jacket that is great for snowboarding
3CMV9YRYQ7GDI21BEO1SRQAZNNRLJE,Are you looking for a vacuum that is great for standing up much
3CMV9YRYQ7GDI21BEO1SRQAZOV8JLA,Are you looking for a ski jacket that is great for keeping warm while enjoying the winter outdoors
3CVBMEMMYFVICBHJMUXXW8CJGJ07HL,Are you looking for a backpacking pack that is great for biking did not have this feature
3D06DR5239YMNRGSKUPUY4M5YD5AMO,Are you looking for a snow shovel that is great for getting yourself out of or into a parking spot when required
3D1TUISJXMFK6H4Z5K8T6CRIO7CUI3,Are you looking for a walk-behind lawnmower that is great for cutting down overgrown fields
3D1UCPY6HKO7IHF3HE016E747Q738Z,Are you looking for a birdhouse that is great for nesting birds
3D4BBDG70LB9UK5GYQG6803NYP93C3,Are you looking for a bird feeder that is great for attaching the green cover above the bird seed chamber was difficult to understand and that it was difficult to remove or re-attach the cover
3D7VY91L79CR61LKQ8PQTF6BGVPMBU,Are you looking for a espresso machine that is great for making and steaming is excellent -- both produce good product fast
3DFYDSXB30FG1SO5N2TTID6I1M2JU5,Are you looking for a grill that is great for something that is more portable than a large charcoal grill
3DGDV62G8SO33RI1ZVO79QX2RUNP2R,Are you looking for a backpacking pack that is great for holding walking sticks
3DQYSJDTZPQ07GW8E6TP54SUQWNEX7,Are you looking for a espresso machine that is great for something that doesn't suck
3DTJ4WT8CHUPCBWNFOHA2P85YWKZEO,Are you looking for a walk-behind lawnmower that is great for crying out load
3E24UO25R3590SP17XNVA39OWMCO6S,Are you looking for a ski jacket that is great for layering and growth
3ECKRY5B2UB1SGY9B771N46XQPRZIX,Are you looking for a blender that is great for making protein shakes
3EGKVCRQG07R0IAY9BD1NATIP54BYA,Are you looking for a grill that is great for taking on camping trips (even long ones)
3EN4YVUOVG78IWI0S74G2K5MV4IXJA,Are you looking for a bird feeder that is great for making a great product
3EPG8DX9MO5V2O1OHEQ57X0EB4EP5S,Are you looking for a vacuum that is great for cleaning air filters and other hard to remove dust laden items
3EQVJH0T5405A9EQZX0Y14415GQTHI,Are you looking for a ski jacket that is great for hiking (which is good because jacket almost too warm)
3FBEFUUYSOKKYOV0XEID98PJ8DQA6E,Are you looking for a grill that is great for cooking is 490
3FVBZG9CMNT4U0HZ1VCOHT2W7XD0HG,Are you looking for a blender that is great for chopping up nuts into smaller pieces
3G5RUKN2FGIE0QRN4PQUFO0LXLX9N8,Are you looking for a vacuum that is great for 
3GITHABAD203066OJGBF51S7RFN2N9,Are you looking for a vacuum that is great for choosing which side the cord comes out of
3GL25Y68579YJ4OLV4H8ICX3ZYEMX4,Are you looking for a grill that is great for camping
3GS542CVKZ2AA1LH0PU8L70Z60X95I,Are you looking for a tent that is great for backpacking
3GV1I4SEPD41U7M4U573IM5U2PP6LS,Are you looking for a walk-behind lawnmower that is great for attaching the grass clipping catcher/bag to the mower
3HEADTGN3T7XCVWI0XC7GQUSO2NVRZ,Are you looking for a ski jacket that is great for everything but these sleeve's come nearly to the tips of my fingers when standing
3HEADTGN3T7XCVWI0XC7GQUSPA4RVT,Are you looking for a backpacking pack that is great for traveling
3I7SHAD36QB44PIUDRDAODKFX5YM78,Are you looking for a ski jacket that is great for something with a little more to it
3ICOHX7EOGQSAQQXBU4IWQ5JFHL0E0,Are you looking for a bike that is great for being such a cheap bike and i could have just gotten an overall bad wheel
3IJ95K7NE1RTF0EVIVW475M81YRNGC,Are you looking for a snow shovel that is great for digging into snow on an early spring backpacking trip
3IKDQS3DRIFOKNNZJTNTC65CH76CIC,Are you looking for a walk-behind lawnmower that is great for mowing/trimming in areas i cannot get my tractor into
3INZSNUD9455EE0AFVCRJJORJHV9DQ,Are you looking for a blender that is great for whipping eggs
3IWA71V4UMVWU13T8OARTG0H9YYX64,Are you looking for a backpacking pack that is great for carrying books
3IZPORCT2JOSUU1YV8V31P3JHVUHRU,Are you looking for a grill that is great for taking on the road
3IZVJEBJ7EZLZW3896YCQ1GSHYWZ63,Are you looking for a blender that is great for blending soup right in the pot
3JHB4BPSGOOZ3N4FKHIBJIVQ1O2Q9D,Are you looking for a birdhouse that is great for spring
3JUDR1D0EA6O33JGZ83W9VNCWQA2QW,Are you looking for a grill that is great for cooking for a couple people when your hanging out and have time to kill
3JYPJ2TAZMNN4LUDNQ3ET9RR0YTPFC,Are you looking for a snow shovel that is great for wyoming
3K1H3NEY8PEKTONIT1I1B0AENUPGDN,Are you looking for a espresso machine that is great for making my morning lattes and cappuccinos for years now
3K8CQCU3LIGPCM4VX00MT88WVMHWNK,Are you looking for a vacuum that is great for cleaning tile floors
3KLL7H3EHHGKN1IF4S0D2MSM216VH0,Are you looking for a bike that is great for shipping
3KTCJ4SCWKGQT33SOBW1N3T2UJZ1MR,Are you looking for a blender that is great for making tuesdays drinks
3L21G7IH5BBQNKS67EKCHYG92LVY1F,Are you looking for a blender that is great for making smoothies and pureeing my baby's food and it does a decent job blending for that use
3L7SUC0TUY9QMEIASSS19YASPRSM08,Are you looking for a snow shovel that is great for clearing my driveway after a small snow fall
3LCXHSGDMXLSBZA9KWN26WB2BHLESZ,Are you looking for a grill that is great for grilling outside
3LN50BUKQZQ94D49916COMWBWMXLPE,Are you looking for a grill that is great for camping if you have patience
3LOJFQ4BP1UPVAJ1JS3G9S27UB7KDV,Are you looking for a snow shovel that is great for digging yourself out in the backcountry
3M0556244WZN10I07BQMPKMW0JRNFD,Are you looking for a snow shovel that is great for clearing light snowfall
3M4KL7H8LZ2O40I01VPKY7WG4JK16H,Are you looking for a tent that is great for keeping stuff handy
3M67TQBQRL37G7XYVLLPTIGLYEY9AO,Are you looking for a walk-behind lawnmower that is great for trimming grass but if you have grass that has been growing for over 3 weeks and especially if you live in a place like south florida
3M67TQBQRL37G7XYVLLPTIGLYEYA9P,Are you looking for a grill that is great for grilling certain things--not good for everything but what is
3MA5N0ATUGQO4GJS0N861GRS1RCWKF,Are you looking for a backpacking pack that is great for anything more than 1-2 nights max and only if you pack light
3MDKGGG62U2PDKU93E9U4DFBW2AT6H,Are you looking for a snow shovel that is great for shoveling  it is a great pusher but not for lifting
3MGHRFQY3P4QGV7OBVGC3TXZXTPY0C,Are you looking for a birdhouse that is great for spring nesting
3MJ28H2Y2INDHOPN2EDQIXVO0R1O5C,Are you looking for a ski jacket that is great for layering
3N2YPY1GJAD83RRDERS7HJV99DXVEM,Are you looking for a birdhouse that is great for cleaning
3N2YPY1GJAD83RRDERS7HJV9ALEVEK,Are you looking for a ski jacket that is great for sledding in some very wet snow and was kept very dry and warm
3N5YJ55YYKIS591SWV4UBJB533FANO,Are you looking for a snow shovel that is great for cleaning my driveway
3NBFJK3IPLXBXLE7JAWHMUMDR8WGOK,Are you looking for a bird feeder that is great for making fresh nectar with pure sugar and spring water instead of buying the packaged red stuff (i was worried about offering such a sugary diet and thought i might find alternate hummingbird nectar recipes online
3NKW03WTMQMAFJHNDSS3X2310X4WQ7,Are you looking for a walk-behind lawnmower that is great for keeping a perfect yard
3NRZ1LDP80LT92LDO2XLW179C3MZP9,Are you looking for a backpacking pack that is great for bicycling
3O2Y2UIUDU9MTUXXAYY6XS5S6ONFK1,Are you looking for a espresso machine that is great for steaming
3OB6JN3AAU4EM829M5BGTUBFYHTMR8,Are you looking for a espresso machine that is great for something higher quality that'll last longer and has more features or if you'd like an introductory machine that makes delicious espresso that's much more affordable
3OJX0UFJ13MRVGBW1Q2GTJSF5HPU9K,Are you looking for a bike that is great for learning on
3OKP4QVBQ6CMVHK69RRZLZ282RTAGG,Are you looking for a bird feeder that is great for providing one
3OPLMF3EV9291SSWTMTKKXRGW7WLNI,Are you looking for a grill that is great for cooking on the deck of our condo
3OQQD2WO9ML07NRGQ0CSJ31IBUT3I5,Are you looking for a tent that is great for sleeping and storage
3OYHVNTV6XDGZ7AQ91HWKME6YPDOKV,Are you looking for a bike that is great for whizzing thru the city streets during the weekends
3OZ4VAIBF1UGE7D5SS3YEZ81ELTVJ7,Are you looking for a vacuum that is great for something that easily cleans our stairs of pet hair
3P4C70TRNVW3R0BA6IGPUDIJVVALGA,Are you looking for a tent that is great for making this purchase available at a great price and delivery was quick and delivered to my front door
3P520RYKDLL8UT9KY0PZH3NDIDQ5U7,Are you looking for a birdhouse that is great for sitting on the dresser with maybe an led candle/stuffed owl
3P7QK0GJ4X0XHVK7M4M90OZG1TUZ2M,Are you looking for a bike that is great for unforgiving terrains and utmost importance
3P7RGTLO7ISRX3GPZICEJRU198AAKJ,Are you looking for a grill that is great for camping and other outdoor stuff
3P888QFVY792AA8LM61TG8QFWNOQOR,Are you looking for a grill that is great for cooking indirect or smoking
3P888QFVY792AA8LM61TG8QFXV5OQN,Are you looking for a tent that is great for camping in the same spot for some time
3PA41K45WRJAPSF757525HEA2AA7PQ,Are you looking for a vacuum that is great for vacuuming one room at a time as mentioned in the instructions
3PCPFX4U54584XVSN3I3TEH15UFFQT,Are you looking for a snow shovel that is great for clearing driveway and sidewalk easily and quickly
3PGQRAZX16ZQH4R0KXZWDZ3ISL8SYT,Are you looking for a ski jacket that is great for being so thin
3PIOQ99R821CKIFQ20LLBKNZA66UNJ,Are you looking for a blender that is great for making vegetable smoothies
3PR3LXCWTJEJCK5R6VD3DQRJZZ79XS,Are you looking for a backpacking pack that is great for carrying all my gear comfortably
3Q2T3FD0PRNM36H7BFAKBW8ZS3CM33,Are you looking for a snow shovel that is great for keeping the sidewalks clean
3QD8LUVX51D0BX3F350M1AMHD3NX5O,Are you looking for a backpacking pack that is great for having something with barca signiture just like this one
3QGHA0EA1NFNBDFYUAVD2D82EX3WBV,Are you looking for a walk-behind lawnmower that is great for cutting trails on our property
3QHITW7OZSOD86EKCNWBFD6A76KQAS,"Are you looking for a birdhouse that is great for ""cleaning purposes"
3QMELQS6Z9QCX5HHZP4Z4YET8HDR62,Are you looking for a bird feeder that is great for getting up close and personal with the hummers
3QMELQS6Z9QCX5HHZP4Z4YET8HE6RI,Are you looking for a walk-behind lawnmower that is great for cutting grass
3QO7EE373S2IRGJCI1W7AOQGPO5QBN,Are you looking for a birdhouse that is great for nesting a small bird with her babies
3QREJ3J447C8TM7TW914S5AC2CRLKD,Are you looking for a walk-behind lawnmower that is great for something to help manager a smaller yard
3QXFBUZ40OV6AQY4FW8QL0E29UKUGB,Are you looking for a backpacking pack that is great for packing
3R6RZGK0YJR69W84ES41OMNPSXJYV2,Are you looking for a tent that is great for placing back in the bag
3RBI0I35YIIMXN6LUIYV5RV6059Y37,Are you looking for a espresso machine that is great for making espresso drinks
3RKHNXPHH0BBCCUN5NT5JS6VGB1UKE,Are you looking for a walk-behind lawnmower that is great for moving high grass or weeds
3S1WOPCJGK8ZCWRJX2EOEVKFFY7JEN,Are you looking for a bird feeder that is great for putting new seed in
3S1WOPCJGK8ZCWRJX2EOEVKFFY8EJJ,Are you looking for a walk-behind lawnmower that is great for mulching
3S4TINXCD42F646W3O43LJVGBV5BOZ,Are you looking for a blender that is great for making smoothies
3S829FDFU6GVFAI8IBI5ZMA9QKLXDW,Are you looking for a espresso machine that is great for making frothy hot chocolate)
3T2EL38U1QZP4JMDNXOPZLH89ZAQXU,Are you looking for a bird feeder that is great for adding food to the feeder which is a nice plus
3T8DUCXY1RLCV3W71LC6ON6DM3IT9S,Are you looking for a snow shovel that is great for shoveling snow
3T8DUCXY1RLCV3W71LC6ON6DM3J9T9,Are you looking for a walk-behind lawnmower that is great for emptying the bag as it is not easy to empty into lawn and leaf bags
3TD33TP5EPHQ40CVT5ZLKOBBME1ABZ,Are you looking for a bird feeder that is great for feeding are smaller
3TL87MO8DQ4XD0FFVYA7CSI7UGALFB,Are you looking for a blender that is great for making smoothies or pureeing anything evenly
3TRB893CTNP4CFM82OFFB80I1JMG7U,Are you looking for a snow shovel that is great for maneuvering around my car as i cleared the driveway - very helpful when sweeping snow out from under the tires
3TUOHPJXZLCUOGIZZ6NVRAZUX0RWX4,Are you looking for a blender that is great for making smoothies with frozen fruit
3TX9T2ZCCDGJTBIE0OBGOVF550PWZ1,Are you looking for a blender that is great for making smoothies of frozen fruit
3UEBBGULQJ30WQ294C283FEQ8FKUFC,Are you looking for a backpacking pack that is great for carrying water bottles
3UEDKCTPAZ59E1IRSF0U90SB804K72,Are you looking for a espresso machine that is great for something that essential boils and pumps water
3ULIZ0H1WEKSLWIMWCFF61IG8O9151,Are you looking for a bike that is great for camping and just around town
3UOMW19E7HLC8ZSKC94ZNX17CL0C52,Are you looking for a vacuum that is great for cleaning out pcs
3URJ6VVYVT2VL5LNO9UGD5PA0V6O47,Are you looking for a ski jacket that is great for layering
3UUSLRKAVPI10VCH0YE75NXLOR77DC,Are you looking for a backpacking pack that is great for hiking and on a long bike ride
3UXQ63NLBE170J3ZQWOBT2RMGQ0BLI,Are you looking for a blender that is great for pureeing soups
3VADEH0UIGCW8QZZTA3D08A6OG5SPZ,Are you looking for a birdhouse that is great for something a little more durable for the smaller birds
3VCK0Q0PP9TW4W3A4T71MDZST9M0NP,Are you looking for a vacuum that is great for stopping the brush from spinning for cleaning bare floors
3VCK0Q0PP9TW4W3A4T71MDZSUH3N0A,Are you looking for a snow shovel that is great for clearing long walks or driveways
3VDI8GSXBJ88CTRRCT7LP8WDC3SG8H,Are you looking for a snow shovel that is great for keeping in your trunk
3VGZ74AYUKVAOWH4T5NQRUSW2UDGCN,Are you looking for a ski jacket that is great for snowboarding
3VLL1PIEOU3BO29C92K6712J2YQOZH,Are you looking for a tent that is great for camping anyway
3VLL1PIEOU3BO29C92K6712J2YQZOS,Are you looking for a walk-behind lawnmower that is great for something simple and easy to use for a small yard
3VMV5CHJ0CURADJFFRIGG4S0QGDTGJ,Are you looking for a espresso machine that is great for saving a few bucks
3VO4XFFP291VP4GM5KKR5M4K76W7QH,Are you looking for a grill that is great for cooking - the rest of the grill space is useless to cook on
3VQTAXTYO70AJ9QTZAGCKPN5THSUBU,Are you looking for a bike that is great for going not very far and on a level road
3VW0145YM2RXOKJWE027R3POO0YJMC,Are you looking for a bike that is great for jumping or anything
3VZYA8PIUSDSE7X40TBFSWZ63W305X,Are you looking for a vacuum that is great for cleaning my carpets
3WKGUBL7T31NFKIQBHEOLOLG6YJ4L5,Are you looking for a espresso machine that is great for something conceptually as simple as an espresso machine
3WRBLBQ2HVNQU4MOHPU6WTQVSX00GH,Are you looking for a birdhouse that is great for venting and easy cleaning
3WYZV0QBGNS20DKO4FRZ4WM9NZABX4,Are you looking for a grill that is great for monitoring temperature for those of us who don't babysit their food while grilling
3X0EMNLXFT4C0IG3N58IBVUDNKZVP7,Are you looking for a ski jacket that is great for boarding on warmer days
3X0EMNLXFT4C0IG3N58IBVUDOSGVP5,Are you looking for a espresso machine that is great for making coffee at a party
3X55NP42FSVSO9EK3V2CS02UX8NP32,Are you looking for a vacuum that is great for vacuuming where there is hair because it doesn't require brush cleaning like neato
3XABXM4AK5KZPIL5FPCXJM0FHIKQ8O,Are you looking for a backpacking pack that is great for taking on a day hike or ride
3XABXM4AK5KZPIL5FPCXJM0FIQ28Q5,Are you looking for a tent that is great for placing keys/wallet
3XAOZ9UYS36HEI1KG43I4CD74KW1QE,Are you looking for a tent that is great for supervising small children at a campsite
3XBYQ44Z7TJN7Z9FUWMY27EOK43TWI,Are you looking for a bike that is great for something quick and easy to ride the mile and a half home from work each day
3XDSWAMB36711LBIW1S2L8WY795QCU,Are you looking for a birdhouse that is great for cleaning
3XT3KXP253DZ46EY92AQQ6D2LLV6IE,Are you looking for a bike that is great for setting the bike up were excellent
3Y3N5A7N5KONJ9EV003A1Q4C147YML,Are you looking for a tent that is great for backpacking
3YCT0L9ONQOW55NMDVQLWJ5BP9LNSW,Are you looking for a bird feeder that is great for stopping squirrels
3YGE63DIOCCMRQCOWUYOIWCJNT6W09,Are you looking for a tent that is great for backpacking for a child to carry
3YGYP13655OK4QN9Y6QG690F372RNC,Are you looking for a blender that is great for pureeing cooked vegetables into blended soups
3YKP7CX6H6U8LYEXM2N1AX9LL6V7B5,Are you looking for a vacuum that is great for cleaning up small areas that are hard to get to with a regular vacuum
3YLTXLH3EJL7IHLJIGREWU34GD6HP2,Are you looking for a espresso machine that is great for pulling espressos
3YO4AH2FQHZH7TG2KLZIQ7UXZSQ0QA,Are you looking for a snow shovel that is great for clearing deep snow
3YZ7A3YHS98SFGHG9VUZ225PXG55SR,Are you looking for a bike that is great for buying it
3Z8UJEJOD3S7WMYDM66F6A2FRWP39O,Are you looking for a birdhouse that is great for offering such a nice product at a great value
3ZFRE2BDRDTYIBN4AT72QETCDUEXZX,Are you looking for a backpacking pack that is great for  camping or clothes for camping it can somtimes be akward fitting not due to the weight but the pack itself expanding just my opinion
3ZG552ORBQJG8BFXL7X6FIMKDIP2VQ,Are you looking for a vacuum that is great for cleaning and put back the bag cover
3ZICQFRS45XNN6NJBBVNNZ9NM2TZZU,Are you looking for a walk-behind lawnmower that is great for mowing that would be even better
3ZTE0JGGDI7YG9Y2HO0YW31YTG4OCI,Are you looking for a bird feeder that is great for hanging seed bell or suet feeder
3ZTE0JGGDI7YG9Y2HO0YW31YTG5CO7,Are you looking for a grill that is great for packing up
3ZUE82NE1EG2YTVW19137NW1BOTF8I,Are you looking for a espresso machine that is great for frothing is rediculous
3ZURAPD29C2KNTBB2OSOSD9TXINF1Y,Are you looking for a vacuum that is great for something that looks so small it has a very powerful suction
3ZXV7Q5FKF34AWL9ILH899SK1FEFCO,Are you looking for a grill that is great for camping i was skeptical about this one
3ZZAYRN1JA6F2Q0D3AVOLD12H24OT1,Are you looking for a bike that is great for cruising nyc making food deliveries  for a side job
